Category,Case,YouTube_Link,Scenario,Deliverables,Value,Monetization_Clues
Business,A1 Vietnam factory sourcing + interpreter,https://www.youtube.com/results?search_query=Vietnam+factory+tour+sourcing+interpreter,Sourcing/factory visits,Itinerary+car+interpreter+minutes,Reduce spec/payment misunderstandings,Interpreter day-rate + PM fee
Business,A2 Industrial park/investment visit,https://www.youtube.com/results?search_query=Vietnam+investment+industrial+park+visit+meeting,Investment/site selection,Bilingual PM+interpretation+comparison memo,Turn fuzzy info into decisions,Project fee + consultant fee
Business,A3 Expo business matching,https://www.youtube.com/results?search_query=Vietnam+expo+business+matching+interpreter,Trade show meetings,Interpreter+meeting pacing+lead grading,Increase expo ROI,Day-rate + follow-up week fee
Business,A4 Signing ceremony Vietnam China,https://www.youtube.com/results?search_query=distribution+signing+ceremony+Vietnam+China,Distribution deal signing,Interpretation+contract summary+ceremony ops,Prevent contract drift + build trust,Project fee + media add-on
Business,A5 Executive shadow interpreter,https://www.youtube.com/results?search_query=executive+assistant+interpreter+business+trip,Board-level multi-meeting trip,Shadow interpreter+briefing+action list,Keep boss focused on decisions,High day-rate + on-call premium
Business,A6 Hotel/real estate site inspection,https://www.youtube.com/results?search_query=Vietnam+hotel+site+inspection+investment+meeting,Asset/site inspection,Interpretation+memo+expert intros,Reduce information asymmetry,Milestone-based fee
Business,A7 Medical device meeting interpreter,https://www.youtube.com/results?search_query=medical+device+business+meeting+interpreter+Vietnam,Regulated/technical meetings,Pro interpreter+glossary+compliance notes,High cost of mistakes,Specialist interpreter premium
Business,A8 Executive interview interpreter,https://www.youtube.com/results?search_query=executive+interview+interpreter+Vietnam,Cross-border hiring,Interpretation+tone calibration+summary,Improve hiring success,Half-day/day fee
Business,A9 Product inspection with interpreter,https://www.youtube.com/results?search_query=product+inspection+Vietnam+factory+interpreter,Pre-shipment inspection,Onsite interpretation+photo evidence+issue list,Reduce returns/delays,Per-visit + report fee
Business,A10 Business delegation hosting,https://www.youtube.com/results?search_query=business+delegation+visit+Vietnam+meeting,Delegation visits,Multi-language+fleet+protocol+media,One integrator for complexity,Per-head fee + management fee
MICE,B1 Vietnam year-end party production,https://www.youtube.com/results?search_query=Vietnam+company+year+end+party+event+production,Large gala,Stage+AV+run-down+rehearsal,Brand + morale,10-20% management fee
MICE,B2 Incentive travel Vietnam,https://www.youtube.com/results?search_query=Vietnam+incentive+travel+corporate+group+event,Sales incentive trip,Group logistics+events+banquets,Outsource complexity,Per-head package + add-ons
MICE,B3 International conference SI,https://www.youtube.com/results?search_query=Vietnam+international+conference+simultaneous+interpretation,Conference,SI equipment+agenda ops+staff,High technical barrier,Equipment+language/day pricing
MICE,B4 Executive retreat/offsite,https://www.youtube.com/results?search_query=executive+retreat+corporate+offsite+meeting+luxury+resort,Confidential offsite,Secure flow+meeting setup+backup,No interruptions,Day package + on-call
MICE,B5 Product launch + livestream,https://www.youtube.com/results?search_query=product+launch+event+Vietnam+livestream,Launch event,Design+PR+multi-cam+press kit,Turn event into content asset,Event fee + content fee
MICE,B6 Exhibition booth design,https://www.youtube.com/results?search_query=exhibition+booth+design+Vietnam+trade+show,Booth + staffing,Build+staff+lead capture,Convert footfall to pipeline,Build fee + staffing fee
MICE,B7 VIP gala dinner protocol,https://www.youtube.com/results?search_query=VIP+gala+dinner+event+protocol+seating+plan,VIP dinner,Seating+speech+protocol+gifts,Avoid offense,Project fee + procurement margin
MICE,B8 Awards ceremony livestream,https://www.youtube.com/results?search_query=awards+ceremony+event+production+livestream,Awards night,Stage+directing+red carpet,Templateable scale,Package + streaming add-on
MICE,B9 Singapore corporate event case,https://www.youtube.com/results?search_query=Singapore+corporate+event+planner+case+study,Regional meeting,Hotel meeting+transport+dinner,SEA hub premium,Management fee + rebates
MICE,B10 F1 hospitality package,https://www.youtube.com/results?search_query=Singapore+F1+corporate+hospitality+package,Sports client hosting,Box tickets+fleet+security,Scarcity sells,Ticket markup + service fee
Concierge,C1 Quintessentially membership,https://www.youtube.com/results?search_query=Quintessentially+concierge+membership,Global concierge,24/7 booking+access,Time + face,Annual fee + supplier commissions
Concierge,C2 Knightsbridge Circle,https://www.youtube.com/results?search_query=Knightsbridge+Circle+concierge,Ultra luxury,Impossible reservations,Scarcity pricing,High annual membership
Concierge,C3 John Paul Group,https://www.youtube.com/results?search_query=John+Paul+Group+concierge+services,B2B concierge outsourcing,Call center+vendor mgmt,Scale,Enterprise contracts
Concierge,C4 Amex Centurion concierge,https://www.youtube.com/results?search_query=Amex+Centurion+concierge+experience,Card concierge,24/7 concierge,Membership retention,Annual fees
Concierge,C5 Four Seasons concierge BTS,https://www.youtube.com/results?search_query=Four+Seasons+concierge+behind+the+scenes,Hotel concierge network,Onsite concierge,Trust + execution,Room premium + paid experiences
Concierge,C6 Virtuoso luxury advisor,https://www.youtube.com/results?search_query=Virtuoso+travel+advisor+luxury+planning,Luxury planning,Planning+vendor perks,Zero worry,Commissions + planning fee
Concierge,C7 Private jet concierge,https://www.youtube.com/results?search_query=private+jet+concierge+service,Private aviation,Jet + ground handling,Time=money,Service fee + retainer
Concierge,C8 Medical travel concierge,https://www.youtube.com/results?search_query=medical+travel+concierge+service,Medical travel,Hospital bookings+translation,High anxiety premium,Project + on-call
Concierge,C9 Relocation concierge,https://www.youtube.com/results?search_query=luxury+relocation+concierge+services,Long-stay/relocation,Housing+school+staffing,One-stop landing,Monthly retainer
Concierge,C10 Emergency assistance,https://www.youtube.com/results?search_query=travel+concierge+emergency+assistance+case,Travel crisis,Rebook+docs+medical+security,Someone responsible,Urgency fees
Airport,D1 Vietnam fast track overview,https://www.youtube.com/results?search_query=Vietnam+airport+fast+track+meet+and+greet,Arrival hassles,Meet+assist+fast track,Certainty+speed,Per pax per leg
Airport,D2 SGN fast track meet assist,https://www.youtube.com/results?search_query=Tan+Son+Nhat+SGN+meet+and+assist+fast+track,HCMC arrival,Fast lane+escort+limousine,First impression,Fast track + car package
Airport,D3 HAN fast track departure,https://www.youtube.com/results?search_query=Noi+Bai+HAN+fast+track+departure,Hanoi departure,Fast track+gate escort,Reduce missed flights,Per leg + rush
Airport,D4 Da Nang group fast track,https://www.youtube.com/results?search_query=Da+Nang+airport+meet+and+assist+fast+track,Group arrivals,Multi staff+fleet dispatch,No chaos,Per head + fleet
Airport,D5 Plaza Premium meet greet,https://www.youtube.com/results?search_query=Plaza+Premium+meet+and+greet+service,Regional airports,Standardized meet&greet,Replicable SOP,Single-use pricing
Airport,D6 SATS Premier Changi,https://www.youtube.com/results?search_query=SATS+Premier+meet+and+greet+Changi,Changi VIP,Meet&greet+lounge,Prestige,Corporate contract
Airport,D7 Blacklane transfer,https://www.youtube.com/results?search_query=Blacklane+airport+transfer+experience,Corporate transfers,Flight tracking+invoice,Predictable ops,Enterprise accounts
Airport,D8 Chauffeur fleet (Alphard/S),https://www.youtube.com/results?search_query=VIP+chauffeur+service+Alphard+S+Class,VIP ground,Matched fleet+backup,Reduce failure,Half/Full-day + dispatch fee
Airport,D9 VIP terminal experience,https://www.youtube.com/results?search_query=VIP+terminal+private+aviation+terminal+experience,Privacy,VIP terminal+car to plane,Privacy+speed,High single-use
Airport,D10 Delegation chain logistics,https://www.youtube.com/results?search_query=corporate+delegation+airport+transfer+coordination,Delegation day,Airport-hotel-venue orchestration,One throat to choke,Management fee
